{
  "name":       "dim-background",
  "version":    "1.3.1",
  "title":      "jQuery Element Background Dimming",
  "description":"This lightweight plugin allows you to dim (darken) all the website but one or more user-selected elements. A frequently used eye candy for every web application.",
  "keywords":   ["background", "dim", "darken", "curtain"],
  "author": {
    "name":     "Andy Wermke",
    "url":      "https://github.com/andywer"
  },
  "maintainers": [
    {
      "name":   "Andy Wermke",
      "url":    "https://github.com/andywer"
    }
  ],
  "licenses": [
    {
      "type":   "MIT",
      "url":    "https://raw.github.com/andywer/jquery-dim-background/master/LICENSE.txt"
    }
  ],
  "dependencies": {
    "jquery":   ">=1.0"
  },
  "bugs":       "https://github.com/andywer/jquery-dim-background/issues",
  "homepage":   "https://github.com/andywer/jquery-dim-background",
  "docs":       "https://github.com/andywer/jquery-dim-background#usage"
}
